<?xml version="1.0" encoding="utf-8" ?><dwsync><file name="bkg.jpg" server="jeffkoke.com/public_html/crackoo/" local="3404392747" remote="12002057432" /><file name="mainimage.jpg" server="jeffkoke.com/public_html/crackoo/" local="3409075071" remote="12002057492" /><file name="1x.gif" server="jeffkoke.com/public_html/crackoo/" local="3171457380" remote="12002057432" /><file name="mainimage_login.jpg" server="jeffkoke.com/public_html/crackoo/" local="3404738634" remote="12002057492" /><file name="bkg_dash.jpg" server="jeffkoke.com/public_html/crackoo/" local="3410448727" remote="12002057432" /><file name="mainimage_dash.jpg" server="jeffkoke.com/public_html/crackoo/" local="3411146399" remote="12002057492" /><file name="bkg_question.jpg" server="jeffkoke.com/public_html/crackoo/" local="3411146431" remote="12002057432" /><file name="mainimage_question.jpg" server="jeffkoke.com/public_html/crackoo/" local="3411146508" remote="12002057492" /><file name="mainimage_question2.jpg" server="jeffkoke.com/public_html/crackoo/" local="3411146489" remote="12002057492" /><file name="login_box.png" server="jeffkoke.com/public_html/crackoo/" local="3411406127" remote="12002057492" /><file name="mainimage_home.jpg" server="jeffkoke.com/public_html/crackoo/" local="3411404111" remote="12002057492" /><file name="bluebox_schools.jpg" server="jeffkoke.com/public_html/crackoo/" local="3411389053" remote="12002057432" /><file name="bluebox_publishers.jpg" server="jeffkoke.com/public_html/crackoo/" local="3411389016" remote="12002057432" /><file name="bluebox_tutors.jpg" server="jeffkoke.com/public_html/crackoo/" local="3411388979" remote="12002057432" /><file name="bluebox_students.jpg" server="jeffkoke.com/public_html/crackoo/" local="3411388915" remote="12002057432" /><file name="icon_linkedin.png" server="jeffkoke.com/public_html/crackoo/" local="3411385066" remote="12002057492" /><file name="icon_facebook.png" server="jeffkoke.com/public_html/crackoo/" local="3411385046" remote="12002057492" /><file name="icon_twitter.png" server="jeffkoke.com/public_html/crackoo/" local="3411385031" remote="12002057492" /><file name="icon_rss.png" server="jeffkoke.com/public_html/crackoo/" local="3411385008" remote="12002057492" /><file name="button_learnmore.png" server="jeffkoke.com/public_html/crackoo/" local="3411384971" remote="12002057432" /><file name="bkg_bluebox.jpg" server="jeffkoke.com/public_html/crackoo/" local="3411384100" remote="12002057432" /><file name="home_bluebox_cap.jpg" server="jeffkoke.com/public_html/crackoo/" local="3411383974" remote="12002057432" /><file name="home_subhead_forschools.png" server="jeffkoke.com/public_html/crackoo/" local="3411383836" remote="12002057432" /><file name="home_subhead_forpublishers.png" server="jeffkoke.com/public_html/crackoo/" local="3411383802" remote="12002057432" /><file name="home_subhead_fortutors.png" server="jeffkoke.com/public_html/crackoo/" local="3411383782" remote="12002057432" /><file name="home_subhead_forstudents.png" server="jeffkoke.com/public_html/crackoo/" local="3411383762" remote="12002057432" /><file name="button_go.png" server="jeffkoke.com/public_html/crackoo/" local="3411383658" remote="12002057432" /><file name="button_facebook_login.png" server="jeffkoke.com/public_html/crackoo/" local="3411383484" remote="12002057432" /><file name="button_login.png" server="jeffkoke.com/public_html/crackoo/" local="3411383450" remote="12002057432" /><file name="logo_home.jpg" server="jeffkoke.com/public_html/crackoo/" local="3411383266" remote="12002057492" /><file name="bkg_footer.jpg" server="jeffkoke.com/public_html/crackoo/" local="3411565205" remote="12002057432" /><file name="bkg_greenbar.jpg" server="jeffkoke.com/public_html/crackoo/" local="3411566012" remote="12002057432" /><file name="bkg_subcontainer.jpg" server="jeffkoke.com/public_html/crackoo/" local="3411583308" remote="12002057432" /><file name="button_add.png" server="jeffkoke.com/public_html/crackoo/" local="3411576216" remote="12002057432" /><file name="button_done.png" server="jeffkoke.com/public_html/crackoo/" local="3411582017" remote="12002057432" /><file name="icon_clock.png" server="jeffkoke.com/public_html/crackoo/" local="3411581959" remote="12002057492" /><file name="icon_journal.png" server="jeffkoke.com/public_html/crackoo/" local="3411576131" remote="12002057492" /><file name="icon_small_flashcards.png" server="jeffkoke.com/public_html/crackoo/" local="3411569751" remote="12002057492" /><file name="icon_small_question.png" server="jeffkoke.com/public_html/crackoo/" local="3411569165" remote="12002057492" /><file name="icon_small_stopwatch.png" server="jeffkoke.com/public_html/crackoo/" local="3411569771" remote="12002057492" /><file name="icon_small_studyplan.png" server="jeffkoke.com/public_html/crackoo/" local="3411569721" remote="12002057492" /><file name="logo_sub.jpg" server="jeffkoke.com/public_html/crackoo/" local="3411565691" remote="12002057492" /><file name="navicon_dashboard.jpg" server="jeffkoke.com/public_html/crackoo/" local="3411565890" remote="12002057492" /><file name="navicon_journal.jpg" server="jeffkoke.com/public_html/crackoo/" local="3411565975" remote="12002057492" /><file name="navicon_plans.jpg" server="jeffkoke.com/public_html/crackoo/" local="3411565878" remote="12002057492" /><file name="navicon_progress.jpg" server="jeffkoke.com/public_html/crackoo/" local="3411565929" remote="12002057492" /><file name="navicon_questions.jpg" server="jeffkoke.com/public_html/crackoo/" local="3411565953" remote="12002057492" /><file name="navicon_studyplans.jpg" server="jeffkoke.com/public_html/crackoo/" local="3411565909" remote="12002057492" /><file name="profile_thumb_bscriftly.jpg" server="jeffkoke.com/public_html/crackoo/" local="3411570373" remote="12002057492" /><file name="profile_thumb_jdamon.jpg" server="jeffkoke.com/public_html/crackoo/" local="3411570351" remote="12002057492" /><file name="profile_thumb_jscott.jpg" server="jeffkoke.com/public_html/crackoo/" local="3411570413" remote="12002057492" /><file name="answer_circle_green.png" server="jeffkoke.com/public_html/crackoo/" local="3412092062" remote="12002057432" /><file name="answer_circle_grey.png" server="jeffkoke.com/public_html/crackoo/" local="3412092081" remote="12002057432" /><file name="answer_circle_red.png" server="jeffkoke.com/public_html/crackoo/" local="3412092098" remote="12002057432" /><file name="bkg_answer_green.jpg" server="jeffkoke.com/public_html/crackoo/" local="3412092387" remote="12002057432" /><file name="bkg_answer_grey.jpg" server="jeffkoke.com/public_html/crackoo/" local="3412092408" remote="12002057432" /><file name="bkg_answer_red.jpg" server="jeffkoke.com/public_html/crackoo/" local="3412092427" remote="12002057432" /><file name="bkg_questionbottom.jpg" server="jeffkoke.com/public_html/crackoo/" local="3412099542" remote="12002057432" /><file name="icon_add.png" server="jeffkoke.com/public_html/crackoo/" local="3412097816" remote="12002057492" /><file name="icon_answer_disable_gold.png" server="jeffkoke.com/public_html/crackoo/" local="3412092155" remote="12002057492" /><file name="icon_answer_disable_grey.png" server="jeffkoke.com/public_html/crackoo/" local="3412092137" remote="12002057492" /><file name="icon_arrow_grey_left.png" server="jeffkoke.com/public_html/crackoo/" local="3412084704" remote="12002057492" /><file name="icon_arrow_grey_right.png" server="jeffkoke.com/public_html/crackoo/" local="3412084722" remote="12002057492" /><file name="icon_checkmark_small.png" server="jeffkoke.com/public_html/crackoo/" local="3412091152" remote="12002057492" /><file name="icon_checkmark_white.png" server="jeffkoke.com/public_html/crackoo/" local="3412083324" remote="12002057492" /><file name="icon_customizeplan.png" server="jeffkoke.com/public_html/crackoo/" local="3412097731" remote="12002057492" /><file name="icon_expand.png" server="jeffkoke.com/public_html/crackoo/" local="3412084736" remote="12002057492" /><file name="icon_flashcards_small.png" server="jeffkoke.com/public_html/crackoo/" local="3412097766" remote="12002057492" /><file name="icon_like.png" server="jeffkoke.com/public_html/crackoo/" local="3412100218" remote="12002057492" /><file name="icon_question.png" server="jeffkoke.com/public_html/crackoo/" local="3412098369" remote="12002057492" /><file name="icon_references.png" server="jeffkoke.com/public_html/crackoo/" local="3412097785" remote="12002057492" /><file name="icon_related.png" server="jeffkoke.com/public_html/crackoo/" local="3412097752" remote="12002057492" /><file name="icon_tag.png" server="jeffkoke.com/public_html/crackoo/" local="3412100718" remote="12002057492" /><file name="icon_xmark_small.png" server="jeffkoke.com/public_html/crackoo/" local="3412091174" remote="12002057492" /><file name="question-graph.png" server="jeffkoke.com/public_html/crackoo/" local="3412091657" remote="12002057492" /><file name="icon_comment_thumbsdown.png" server="jeffkoke.com/public_html/crackoo/" local="3412163254" remote="16297087908" /><file name="icon_comment_thumbs-up.png" server="jeffkoke.com/public_html/crackoo/" local="3412163237" remote="16297087908" /><file name="icon_star_grey.png" server="jeffkoke.com/public_html/crackoo/" local="3412162062" remote="16297087908" /><file name="icon_star_gold.png" server="jeffkoke.com/public_html/crackoo/" local="3412162047" remote="16297087908" /><file name="bkg_question_middle.jpg" server="jeffkoke.com/public_html/crackoo/" local="3412174483" remote="16297098468" /><file name="icon_collapse.png" server="jeffkoke.com/public_html/crackoo/" local="3412173731" remote="16297098468" /><file name="course_image_trig.png" server="jeffkoke.com/public_html/crackoo/" local="3417714720" remote="16302635448" /><file name="course_image_gmat.png" server="jeffkoke.com/public_html/crackoo/" local="3417713279" remote="16302635448" /><file name="course_image_algebra.png" server="jeffkoke.com/public_html/crackoo/" local="3417713082" remote="16302635448" /><file name="icon_calendarclock.png" server="jeffkoke.com/public_html/crackoo/" local="3417689688" remote="16302635448" /><file name="icon_user.png" server="jeffkoke.com/public_html/crackoo/" local="3417689580" remote="16302635448" /><file name="icon_like_big.png" server="jeffkoke.com/public_html/crackoo/" local="3417689482" remote="16302635448" /><file name="course_image_default.jpg" server="jeffkoke.com/public_html/crackoo/" local="3417688358" remote="16302635448" /><file name="bkg_button_hover.jpg" server="jeffkoke.com/public_html/crackoo/" local="3415969158" remote="16302635448" /><file name="bkg_button.jpg" server="jeffkoke.com/public_html/crackoo/" local="3415969129" remote="16302635448" /><file name="bkg_bigbutton_hover.png" server="jeffkoke.com/public_html/crackoo/" local="3415798070" remote="16302635448" /><file name="bkg_bigbutton.png" server="jeffkoke.com/public_html/crackoo/" local="3415720745" remote="16302635448" /><file name="arrow_scroller_right_x.png" server="jeffkoke.com/public_html/crackoo/" local="3418033276" remote="16302954708" /><file name="arrow_scroller_left_x.png" server="jeffkoke.com/public_html/crackoo/" local="3418033256" remote="16302954708" /><file name="bkg_coursetabs.gif" server="jeffkoke.com/public_html/crackoo/" local="3418031852" remote="16302954708" /></dwsync>